1,ID-131,physical-event-agent,IP-3,-3,topic-3
1,ID-132,physical-event-agent,IP-4,-3,topic-4
1,ID-133,physical-event-agent,IP-3,-3,topic-3
1,ID-134,physical-event-agent,IP-4,-3,topic-4
1,ID-135,physical-event-agent,IP-3,-3,topic-3
1,ID-136,physical-event-agent,IP-4,-3,topic-4
1,ID-137,physical-event-agent,IP-3,-3,topic-3
1,ID-138,physical-event-agent,IP-4,-3,topic-4
1,ID-139,physical-event-agent,IP-3,-3,topic-3
1,ID-140,physical-event-agent,IP-4,-3,topic-4
1,ID-141,physical-event-agent,IP-3,-3,topic-3
1,ID-142,physical-event-agent,IP-4,-3,topic-4
1,ID-143,physical-event-agent,IP-3,-3,topic-3
1,ID-144,physical-event-agent,IP-4,-3,topic-4
1,ID-145,physical-event-agent,IP-3,-3,topic-3
1,ID-146,physical-event-agent,IP-4,-3,topic-4
1,ID-147,physical-event-agent,IP-3,-3,topic-3
1,ID-148,physical-event-agent,IP-4,-3,topic-4
1,ID-149,physical-event-agent,IP-3,-3,topic-3
1,ID-150,physical-event-agent,IP-4,-3,topic-4
1,ID-151,physical-event-agent,IP-3,-3,topic-3
1,ID-152,physical-event-agent,IP-4,-3,topic-4
1,ID-153,physical-event-agent,IP-3,-3,topic-3
1,ID-154,physical-event-agent,IP-4,-3,topic-4
1,ID-155,physical-event-agent,IP-3,-3,topic-3
1,ID-156,physical-event-agent,IP-4,-3,topic-4
1,ID-157,physical-event-agent,IP-3,-3,topic-3
1,ID-158,physical-event-agent,IP-4,-3,topic-4
1,ID-159,physical-event-agent,IP-3,-3,topic-3
1,ID-160,physical-event-agent,IP-4,-3,topic-4
1,ID-161,physical-event-agent,IP-3,-3,topic-3
1,ID-162,physical-event-agent,IP-4,-3,topic-4
1,ID-163,physical-event-agent,IP-3,-3,topic-3
1,ID-164,physical-event-agent,IP-4,-3,topic-4
1,ID-165,physical-event-agent,IP-3,-3,topic-3
1,ID-166,physical-event-agent,IP-4,-3,topic-4
1,ID-167,physical-event-agent,IP-3,-3,topic-3
1,ID-168,physical-event-agent,IP-4,-3,topic-4
1,ID-169,physical-event-agent,IP-3,-3,topic-3